<?xml version = '1.0' encoding = 'UTF-8'?>
<Relation class="oracle.dbtools.crest.model.design.logical.Relation" name="Relation_12" directorySegmentName="seg_0" id="03B75449-855F-005D-F269-CABF7FD08B09">
<createdBy>miche</createdBy>
<createdTime>2024-04-12 12:01:23 UTC</createdTime>
<ownerDesignName>ProyekBD</ownerDesignName>
<engineerTo>
<item key="682A77AF-C166-FB25-DB7D-08DBC063889A" value="true"/>
</engineerTo>
<sourcePk>D73D186C-00FF-5C76-8069-11A2551F1B91</sourcePk>
<identifying>false</identifying>
<optionalSource>false</optionalSource>
<optionalTarget>false</optionalTarget>
<sourceCardinality>1</sourceCardinality>
<sourceEntity>3CB7EC72-FF7C-9EAA-76F8-2436C9B8FDA0</sourceEntity>
<targetCardinalityString>*</targetCardinalityString>
<targetEntity>A0D0EE43-F00F-A505-EDF8-D7BFBC153F89</targetEntity>
<transferable>true</transferable>
<deleteRule>NO ACTION</deleteRule>
</Relation>