<?xml version = '1.0' encoding = 'UTF-8'?>
<Relation class="oracle.dbtools.crest.model.design.logical.Relation" name="Relation_18" directorySegmentName="seg_0" id="2944B57E-BD49-B0A7-FDF7-CFD0B3D855D0">
<createdBy>miche</createdBy>
<createdTime>2024-04-27 04:34:24 UTC</createdTime>
<ownerDesignName>ProyekBD</ownerDesignName>
<engineerTo>
<item key="682A77AF-C166-FB25-DB7D-08DBC063889A" value="true"/>
</engineerTo>
<sourcePk>57D1C97A-CA29-AD11-6F34-69BC729DA4E7</sourcePk>
<targetPk>B79DF07D-7D9F-ED1C-3037-A9818B707612</targetPk>
<identifying>false</identifying>
<optionalSource>false</optionalSource>
<optionalTarget>false</optionalTarget>
<sourceCardinality>1</sourceCardinality>
<sourceEntity>62B6E5C5-9964-86E8-F2EE-669F9C4EF4A8</sourceEntity>
<targetCardinalityString>1</targetCardinalityString>
<targetEntity>CF19A9BD-135A-A0CA-0B4D-6DFABCED4538</targetEntity>
<transferable>true</transferable>
<deleteRule>NO ACTION</deleteRule>
</Relation>