<?xml version = '1.0' encoding = 'UTF-8'?>
<Relation class="oracle.dbtools.crest.model.design.logical.Relation" name="Relation_4" directorySegmentName="seg_0" id="4C9D292C-083E-10E9-348E-C833E189BAE1">
<createdBy>miche</createdBy>
<createdTime>2024-04-12 11:33:15 UTC</createdTime>
<ownerDesignName>ProyekBD</ownerDesignName>
<engineerTo>
<item key="682A77AF-C166-FB25-DB7D-08DBC063889A" value="true"/>
</engineerTo>
<sourcePk>B79DF07D-7D9F-ED1C-3037-A9818B707612</sourcePk>
<identifying>false</identifying>
<optionalSource>false</optionalSource>
<optionalTarget>false</optionalTarget>
<sourceCardinality>1</sourceCardinality>
<sourceEntity>CF19A9BD-135A-A0CA-0B4D-6DFABCED4538</sourceEntity>
<targetCardinalityString>*</targetCardinalityString>
<targetEntity>7EE1E209-E539-D4CA-4C4B-D82255371AB1</targetEntity>
<transferable>true</transferable>
<deleteRule>NO ACTION</deleteRule>
</Relation>