<?xml version = '1.0' encoding = 'UTF-8'?>
<Relation class="oracle.dbtools.crest.model.design.logical.Relation" name="Relation_10" directorySegmentName="seg_0" id="59B4AE3E-930D-27F2-45DC-3DF51B9A697A">
<createdBy>miche</createdBy>
<createdTime>2024-04-12 11:58:40 UTC</createdTime>
<ownerDesignName>ProyekBD</ownerDesignName>
<engineerTo>
<item key="682A77AF-C166-FB25-DB7D-08DBC063889A" value="true"/>
</engineerTo>
<targetPk>E92DB2C3-0A65-94B6-3294-05380186790F</targetPk>
<identifying>false</identifying>
<optionalSource>false</optionalSource>
<optionalTarget>false</optionalTarget>
<sourceCardinality>*</sourceCardinality>
<sourceEntity>3CB7EC72-FF7C-9EAA-76F8-2436C9B8FDA0</sourceEntity>
<targetCardinalityString>1</targetCardinalityString>
<targetEntity>D52161EF-73BF-D55B-10EA-8207C77D48CC</targetEntity>
<transferable>true</transferable>
<deleteRule>NO ACTION</deleteRule>
</Relation>