<?xml version = '1.0' encoding = 'UTF-8'?>
<Relation class="oracle.dbtools.crest.model.design.logical.Relation" name="Relation_6" directorySegmentName="seg_0" id="89BC6A17-394D-CD6F-53C9-DB951D6E7D3C">
<createdBy>miche</createdBy>
<createdTime>2024-04-12 11:37:01 UTC</createdTime>
<ownerDesignName>ProyekBD</ownerDesignName>
<engineerTo>
<item key="682A77AF-C166-FB25-DB7D-08DBC063889A" value="true"/>
</engineerTo>
<sourcePk>B79DF07D-7D9F-ED1C-3037-A9818B707612</sourcePk>
<targetPk>D27BD890-2465-1EA2-378F-652AA24F3D8D</targetPk>
<identifying>false</identifying>
<optionalSource>false</optionalSource>
<optionalTarget>false</optionalTarget>
<sourceCardinality>*</sourceCardinality>
<sourceEntity>CF19A9BD-135A-A0CA-0B4D-6DFABCED4538</sourceEntity>
<targetCardinalityString>1</targetCardinalityString>
<targetEntity>351E3AE0-E6BB-97BC-5A2D-238E83E7BD7C</targetEntity>
<transferable>true</transferable>
<deleteRule>NO ACTION</deleteRule>
</Relation>