<?xml version = '1.0' encoding = 'UTF-8'?>
<Relation class="oracle.dbtools.crest.model.design.logical.Relation" name="Relation_9" directorySegmentName="seg_0" id="99CC5B0B-786C-2E0F-B10F-711AC80D32A6">
<createdBy>miche</createdBy>
<createdTime>2024-04-12 11:56:27 UTC</createdTime>
<ownerDesignName>ProyekBD</ownerDesignName>
<engineerTo>
<item key="682A77AF-C166-FB25-DB7D-08DBC063889A" value="true"/>
</engineerTo>
<sourcePk>0A932438-D85D-3364-F57B-7A6ECFA92144</sourcePk>
<identifying>false</identifying>
<optionalSource>false</optionalSource>
<optionalTarget>false</optionalTarget>
<sourceCardinality>1</sourceCardinality>
<sourceEntity>1CFE3589-8FF6-3729-1D75-9F014B060D4E</sourceEntity>
<targetCardinalityString>*</targetCardinalityString>
<targetEntity>C107385B-0459-6EB8-4E6F-4CDF32889F67</targetEntity>
<transferable>true</transferable>
<deleteRule>NO ACTION</deleteRule>
</Relation>