<?xml version = '1.0' encoding = 'UTF-8'?>
<Relation class="oracle.dbtools.crest.model.design.logical.Relation" name="Relation_15" directorySegmentName="seg_0" id="B33FF954-C8D0-65EA-CA52-E5878945CB7C">
<createdBy>miche</createdBy>
<createdTime>2024-04-12 12:51:24 UTC</createdTime>
<ownerDesignName>ProyekBD</ownerDesignName>
<engineerTo>
<item key="682A77AF-C166-FB25-DB7D-08DBC063889A" value="true"/>
</engineerTo>
<sourcePk>C1982F2E-8366-549C-D10F-EC0101FB2A99</sourcePk>
<identifying>false</identifying>
<optionalSource>false</optionalSource>
<optionalTarget>false</optionalTarget>
<sourceCardinality>1</sourceCardinality>
<sourceEntity>7404F19E-3861-E343-7CCE-5A1DC17389E3</sourceEntity>
<targetCardinalityString>*</targetCardinalityString>
<targetEntity>973A6E1F-5796-5A30-F4E4-9E439A187A19</targetEntity>
<transferable>true</transferable>
<deleteRule>NO ACTION</deleteRule>
</Relation>