<?xml version = '1.0' encoding = 'UTF-8'?>
<Relation class="oracle.dbtools.crest.model.design.logical.Relation" name="Relation_7" directorySegmentName="seg_0" id="B96A4FCC-F7CF-0540-AEFF-C82330098F0C">
<createdBy>miche</createdBy>
<createdTime>2024-04-12 11:52:01 UTC</createdTime>
<ownerDesignName>ProyekBD</ownerDesignName>
<engineerTo>
<item key="682A77AF-C166-FB25-DB7D-08DBC063889A" value="true"/>
</engineerTo>
<sourcePk>B79DF07D-7D9F-ED1C-3037-A9818B707612</sourcePk>
<identifying>true</identifying>
<optionalSource>false</optionalSource>
<optionalTarget>false</optionalTarget>
<sourceCardinality>1</sourceCardinality>
<sourceEntity>CF19A9BD-135A-A0CA-0B4D-6DFABCED4538</sourceEntity>
<targetCardinalityString>*</targetCardinalityString>
<targetEntity>3CB7EC72-FF7C-9EAA-76F8-2436C9B8FDA0</targetEntity>
<transferable>true</transferable>
<deleteRule>NO ACTION</deleteRule>
</Relation>