<?xml version = '1.0' encoding = 'UTF-8'?>
<Relation class="oracle.dbtools.crest.model.design.logical.Relation" name="Relation_13" directorySegmentName="seg_0" id="D39A24C6-4F16-2A2C-C11E-B7DFB7A61936">
<createdBy>miche</createdBy>
<createdTime>2024-04-12 12:47:34 UTC</createdTime>
<ownerDesignName>ProyekBD</ownerDesignName>
<engineerTo>
<item key="682A77AF-C166-FB25-DB7D-08DBC063889A" value="true"/>
</engineerTo>
<sourcePk>8369BFE4-39B1-F1B8-79AC-84732F85925D</sourcePk>
<targetPk>913646D7-0E6E-6C05-E88A-D8052B313AEB</targetPk>
<identifying>false</identifying>
<optionalSource>false</optionalSource>
<optionalTarget>true</optionalTarget>
<sourceCardinality>1</sourceCardinality>
<sourceEntity>7EE1E209-E539-D4CA-4C4B-D82255371AB1</sourceEntity>
<targetCardinalityString>1</targetCardinalityString>
<targetEntity>DF7C9E77-F577-4616-84E2-C4800C078EA7</targetEntity>
<transferable>true</transferable>
<deleteRule>NO ACTION</deleteRule>
</Relation>