<?xml version = '1.0' encoding = 'UTF-8'?>
<Relation class="oracle.dbtools.crest.model.design.logical.Relation" name="Relation_5" directorySegmentName="seg_0" id="E0CB63CF-2CD7-E5F6-0875-28C0F6EF4798">
<createdBy>miche</createdBy>
<createdTime>2024-04-12 11:33:24 UTC</createdTime>
<ownerDesignName>ProyekBD</ownerDesignName>
<engineerTo>
<item key="682A77AF-C166-FB25-DB7D-08DBC063889A" value="true"/>
</engineerTo>
<sourcePk>C1982F2E-8366-549C-D10F-EC0101FB2A99</sourcePk>
<targetPk>B79DF07D-7D9F-ED1C-3037-A9818B707612</targetPk>
<identifying>false</identifying>
<optionalSource>false</optionalSource>
<optionalTarget>false</optionalTarget>
<sourceCardinality>*</sourceCardinality>
<sourceEntity>7404F19E-3861-E343-7CCE-5A1DC17389E3</sourceEntity>
<targetCardinalityString>1</targetCardinalityString>
<targetEntity>CF19A9BD-135A-A0CA-0B4D-6DFABCED4538</targetEntity>
<transferable>true</transferable>
<deleteRule>NO ACTION</deleteRule>
</Relation>