<?xml version = '1.0' encoding = 'UTF-8'?>
<Relation class="oracle.dbtools.crest.model.design.logical.Relation" name="Relation_11" directorySegmentName="seg_0" id="EA4772CD-7A86-8E34-C3DD-B3985B5BB1CA">
<createdBy>miche</createdBy>
<createdTime>2024-04-12 12:00:34 UTC</createdTime>
<ownerDesignName>ProyekBD</ownerDesignName>
<engineerTo>
<item key="682A77AF-C166-FB25-DB7D-08DBC063889A" value="true"/>
</engineerTo>
<sourcePk>E582678E-C735-C3AE-0B77-7B07155B724B</sourcePk>
<identifying>false</identifying>
<optionalSource>true</optionalSource>
<optionalTarget>false</optionalTarget>
<sourceCardinality>1</sourceCardinality>
<sourceEntity>A0D0EE43-F00F-A505-EDF8-D7BFBC153F89</sourceEntity>
<targetCardinalityString>*</targetCardinalityString>
<targetEntity>C107385B-0459-6EB8-4E6F-4CDF32889F67</targetEntity>
<transferable>true</transferable>
<deleteRule>NO ACTION</deleteRule>
</Relation>