<?xml version = '1.0' encoding = 'UTF-8'?>
<Diagram class="oracle.dbtools.crest.swingui.logical.DPVLogical" name="Logical" id="25EA5B84-E0CE-67EE-C9D7-CAD9B556DD01">
<createdBy>miche</createdBy>
<modifiedBy>miche</modifiedBy>
<createdTime>2024-04-12 10:50:35 UTC</createdTime>
<autoRoute>false</autoRoute>
<boxInbox>true</boxInbox>
<showLegend>false</showLegend>
<showLabels>false</showLabels>
<showRelAttributes>false</showRelAttributes>
<gridEnabled>false</gridEnabled>
<showGrid>false</showGrid>
<diagramColor>-1</diagramColor>
<display>false</display>
<notation>1</notation>
<objectViews>
<OView class="oracle.dbtools.crest.swingui.logical.TVEntity" oid="1CFE3589-8FF6-3729-1D75-9F014B060D4E" otype="Entity" vid="3AF52A98-B28E-904B-9CAD-A4C1684503B1">
<hideElementsInCurrentOnly>false</hideElementsInCurrentOnly>
<bounds x="576" y="13" width="170" height="112"/>
</OView>
<OView class="oracle.dbtools.crest.swingui.logical.TVEntity" oid="351E3AE0-E6BB-97BC-5A2D-238E83E7BD7C" otype="Entity" vid="8B7EC101-01CB-B1EF-3348-C45DEE2C3F53">
<hideElementsInCurrentOnly>false</hideElementsInCurrentOnly>
<bounds x="143" y="509" width="170" height="101"/>
</OView>
<OView class="oracle.dbtools.crest.swingui.logical.TVEntity" oid="3CB7EC72-FF7C-9EAA-76F8-2436C9B8FDA0" otype="Entity" vid="AEF934A5-851C-BB90-9465-8D5A3408D99E">
<hideElementsInCurrentOnly>false</hideElementsInCurrentOnly>
<bounds x="358" y="326" width="170" height="110"/>
</OView>
<OView class="oracle.dbtools.crest.swingui.logical.TVEntity" oid="62B6E5C5-9964-86E8-F2EE-669F9C4EF4A8" otype="Entity" vid="85F27F58-CAF4-3DB6-691B-3CA04288F776">
<hideElementsInCurrentOnly>false</hideElementsInCurrentOnly>
<bounds x="9" y="329" width="109" height="91"/>
</OView>
<OView class="oracle.dbtools.crest.swingui.TVNote" oid="735C149A-6CF8-1F35-2012-A9559460FFE1" otype="Note" vid="46E6DBBA-E98A-15BA-09D4-77A7A237520B">
<hideElementsInCurrentOnly>false</hideElementsInCurrentOnly>
<bounds x="237" y="454" width="381" height="40"/>
<comment>barred disini digunakan karena kita hanya ingin PEGAWAI atau ANGGOTA
yang berROLE seller/cashier saja yang dapat berelasi dengan TRANSAKSI</comment>
</OView>
<OView class="oracle.dbtools.crest.swingui.logical.TVEntity" oid="7404F19E-3861-E343-7CCE-5A1DC17389E3" otype="Entity" vid="04A6ED60-A73E-B76B-598E-A157F020A526">
<hideElementsInCurrentOnly>false</hideElementsInCurrentOnly>
<bounds x="15" y="168" width="170" height="110"/>
</OView>
<OView class="oracle.dbtools.crest.swingui.logical.TVEntity" oid="7EE1E209-E539-D4CA-4C4B-D82255371AB1" otype="Entity" vid="CEB8E59D-F161-2D03-BA00-6B3BC04B7371">
<hideElementsInCurrentOnly>false</hideElementsInCurrentOnly>
<bounds x="254" y="168" width="170" height="110"/>
</OView>
<OView class="oracle.dbtools.crest.swingui.logical.TVEntity" oid="973A6E1F-5796-5A30-F4E4-9E439A187A19" otype="Entity" vid="F9DE2421-B077-9256-5203-23FE0AC16FD0">
<hideElementsInCurrentOnly>false</hideElementsInCurrentOnly>
<bounds x="21" y="8" width="165" height="110"/>
</OView>
<OView class="oracle.dbtools.crest.swingui.logical.TVEntity" oid="A0D0EE43-F00F-A505-EDF8-D7BFBC153F89" otype="Entity" vid="FEFF6381-AF17-18A8-A67D-EF0E15D97299">
<hideElementsInCurrentOnly>false</hideElementsInCurrentOnly>
<bounds x="572" y="324" width="170" height="110"/>
</OView>
<OView class="oracle.dbtools.crest.swingui.logical.TVEntity" oid="C107385B-0459-6EB8-4E6F-4CDF32889F67" otype="Entity" vid="07F9255B-8305-B5DC-EA24-3A4C8D1E3B6E">
<hideElementsInCurrentOnly>false</hideElementsInCurrentOnly>
<bounds x="570" y="170" width="170" height="110"/>
</OView>
<OView class="oracle.dbtools.crest.swingui.logical.TVEntity" oid="CF19A9BD-135A-A0CA-0B4D-6DFABCED4538" otype="Entity" vid="B22CAD84-13A2-294C-F64C-DD0E2A4BA979">
<hideElementsInCurrentOnly>false</hideElementsInCurrentOnly>
<bounds x="138" y="328" width="170" height="110"/>
</OView>
<OView class="oracle.dbtools.crest.swingui.TVNote" oid="D20E9BCB-F8FA-4A98-3864-CF115E8E5221" otype="Note" vid="8B10D56A-EDA5-8289-793F-9934DD6BEBD0">
<hideElementsInCurrentOnly>false</hideElementsInCurrentOnly>
<bounds x="132" y="378" width="181" height="62"/>
<comment>Asumsi: koor tercatat sebagai role.
Sehingga memungkinkan role untuk dimiliki 1/N oleh PEGAWAI atau ANGGOTA</comment>
</OView>
<OView class="oracle.dbtools.crest.swingui.logical.TVEntity" oid="D52161EF-73BF-D55B-10EA-8207C77D48CC" otype="Entity" vid="05064FB6-0E00-78A4-61FC-834BEEA45B6F">
<hideElementsInCurrentOnly>false</hideElementsInCurrentOnly>
<bounds x="387" y="508" width="170" height="101"/>
</OView>
<OView class="oracle.dbtools.crest.swingui.logical.TVEntity" oid="DF7C9E77-F577-4616-84E2-C4800C078EA7" otype="Entity" vid="9C44B25D-A7A4-88B4-9710-EC7EC3431B44">
<hideElementsInCurrentOnly>false</hideElementsInCurrentOnly>
<bounds x="257" y="10" width="170" height="87"/>
</OView>
</objectViews>
<connectors>
<Connector class="oracle.dbtools.crest.swingui.logical.TVRelation" oid="03B75449-855F-005D-F269-CABF7FD08B09" otype="Relation" vid_source="AEF934A5-851C-BB90-9465-8D5A3408D99E" vid_target="FEFF6381-AF17-18A8-A67D-EF0E15D97299">
<hideElementsInCurrentOnly>false</hideElementsInCurrentOnly>
<backgroundColor>-16777216</backgroundColor>
<lineWidth>1</lineWidth>
<points>
<point x="528" y="380"/>
<point x="572" y="380"/>
</points>
</Connector>
<Connector class="oracle.dbtools.crest.swingui.logical.TVRelation" oid="2944B57E-BD49-B0A7-FDF7-CFD0B3D855D0" otype="Relation" vid_source="85F27F58-CAF4-3DB6-691B-3CA04288F776" vid_target="B22CAD84-13A2-294C-F64C-DD0E2A4BA979">
<hideElementsInCurrentOnly>false</hideElementsInCurrentOnly>
<backgroundColor>-16777216</backgroundColor>
<lineWidth>1</lineWidth>
<points>
<point x="118" y="374"/>
<point x="138" y="374"/>
</points>
</Connector>
<Connector class="oracle.dbtools.crest.swingui.logical.TVRelation" oid="4C9D292C-083E-10E9-348E-C833E189BAE1" otype="Relation" vid_source="B22CAD84-13A2-294C-F64C-DD0E2A4BA979" vid_target="CEB8E59D-F161-2D03-BA00-6B3BC04B7371">
<hideElementsInCurrentOnly>false</hideElementsInCurrentOnly>
<backgroundColor>-16777216</backgroundColor>
<lineWidth>1</lineWidth>
<points>
<point x="281" y="328"/>
<point x="281" y="278"/>
</points>
</Connector>
<Connector class="oracle.dbtools.crest.swingui.logical.TVRelation" oid="59B4AE3E-930D-27F2-45DC-3DF51B9A697A" otype="Relation" vid_source="AEF934A5-851C-BB90-9465-8D5A3408D99E" vid_target="05064FB6-0E00-78A4-61FC-834BEEA45B6F">
<hideElementsInCurrentOnly>false</hideElementsInCurrentOnly>
<backgroundColor>-16777216</backgroundColor>
<lineWidth>1</lineWidth>
<points>
<point x="457" y="436"/>
<point x="457" y="508"/>
</points>
</Connector>
<Connector class="oracle.dbtools.crest.swingui.logical.TVRelation" oid="89BC6A17-394D-CD6F-53C9-DB951D6E7D3C" otype="Relation" vid_source="B22CAD84-13A2-294C-F64C-DD0E2A4BA979" vid_target="8B7EC101-01CB-B1EF-3348-C45DEE2C3F53">
<hideElementsInCurrentOnly>false</hideElementsInCurrentOnly>
<backgroundColor>-16777216</backgroundColor>
<lineWidth>1</lineWidth>
<points>
<point x="225" y="438"/>
<point x="225" y="509"/>
</points>
</Connector>
<Connector class="oracle.dbtools.crest.swingui.logical.TVRelation" oid="99CC5B0B-786C-2E0F-B10F-711AC80D32A6" otype="Relation" vid_source="3AF52A98-B28E-904B-9CAD-A4C1684503B1" vid_target="07F9255B-8305-B5DC-EA24-3A4C8D1E3B6E">
<hideElementsInCurrentOnly>false</hideElementsInCurrentOnly>
<backgroundColor>-16777216</backgroundColor>
<lineWidth>1</lineWidth>
<points>
<point x="658" y="125"/>
<point x="658" y="170"/>
</points>
</Connector>
<Connector class="oracle.dbtools.crest.swingui.logical.TVRelation" oid="B33FF954-C8D0-65EA-CA52-E5878945CB7C" otype="Relation" vid_source="04A6ED60-A73E-B76B-598E-A157F020A526" vid_target="F9DE2421-B077-9256-5203-23FE0AC16FD0">
<hideElementsInCurrentOnly>false</hideElementsInCurrentOnly>
<backgroundColor>-16777216</backgroundColor>
<lineWidth>1</lineWidth>
<points>
<point x="103" y="168"/>
<point x="103" y="118"/>
</points>
</Connector>
<Connector class="oracle.dbtools.crest.swingui.logical.TVRelation" oid="B96A4FCC-F7CF-0540-AEFF-C82330098F0C" otype="Relation" vid_source="B22CAD84-13A2-294C-F64C-DD0E2A4BA979" vid_target="AEF934A5-851C-BB90-9465-8D5A3408D99E">
<hideElementsInCurrentOnly>false</hideElementsInCurrentOnly>
<backgroundColor>-16777216</backgroundColor>
<lineWidth>1</lineWidth>
<points>
<point x="308" y="382"/>
<point x="358" y="382"/>
</points>
</Connector>
<Connector class="oracle.dbtools.crest.swingui.logical.TVRelation" oid="D39A24C6-4F16-2A2C-C11E-B7DFB7A61936" otype="Relation" vid_source="CEB8E59D-F161-2D03-BA00-6B3BC04B7371" vid_target="9C44B25D-A7A4-88B4-9710-EC7EC3431B44">
<hideElementsInCurrentOnly>false</hideElementsInCurrentOnly>
<backgroundColor>-16777216</backgroundColor>
<lineWidth>1</lineWidth>
<points>
<point x="355" y="168"/>
<point x="355" y="97"/>
</points>
</Connector>
<Connector class="oracle.dbtools.crest.swingui.logical.TVRelation" oid="E0CB63CF-2CD7-E5F6-0875-28C0F6EF4798" otype="Relation" vid_source="04A6ED60-A73E-B76B-598E-A157F020A526" vid_target="B22CAD84-13A2-294C-F64C-DD0E2A4BA979">
<hideElementsInCurrentOnly>false</hideElementsInCurrentOnly>
<backgroundColor>-16777216</backgroundColor>
<lineWidth>1</lineWidth>
<points>
<point x="161" y="278"/>
<point x="161" y="328"/>
</points>
</Connector>
<Connector class="oracle.dbtools.crest.swingui.logical.TVRelation" oid="EA4772CD-7A86-8E34-C3DD-B3985B5BB1CA" otype="Relation" vid_source="FEFF6381-AF17-18A8-A67D-EF0E15D97299" vid_target="07F9255B-8305-B5DC-EA24-3A4C8D1E3B6E">
<hideElementsInCurrentOnly>false</hideElementsInCurrentOnly>
<backgroundColor>-16777216</backgroundColor>
<lineWidth>1</lineWidth>
<points>
<point x="656" y="324"/>
<point x="656" y="280"/>
</points>
</Connector>
</connectors>
</Diagram>