<?xml version = '1.0' encoding = 'UTF-8'?>
<Entity class="oracle.dbtools.crest.model.design.logical.Entity" directorySegmentName="seg_0" id="1CFE3589-8FF6-3729-1D75-9F014B060D4E" name="KATEGORI">
<createdBy>miche</createdBy>
<createdTime>2024-04-12 11:50:22 UTC</createdTime>
<ownerDesignName>ProyekBD</ownerDesignName>
<engineerTo>
<item key="682A77AF-C166-FB25-DB7D-08DBC063889A" value="true"/>
</engineerTo>
<adequatelyNormalized>NO</adequatelyNormalized>
<expectedVolumes>0</expectedVolumes>
<fwdEngineeringStrategyName>Single Table</fwdEngineeringStrategyName>
<growthPercent>0</growthPercent>
<growthType>Year</growthType>
<maxVolumes>9999999</maxVolumes>
<minVolumes>0</minVolumes>
<normalForm>Third</normalForm>
<attributes itemClass="oracle.dbtools.crest.model.design.logical.Attribute">
<Attribute name="id_kategori" id="4DB3F4FA-6770-F406-DC8E-620BC85303F5">
<createdBy>miche</createdBy>
<createdTime>2024-04-12 12:29:58 UTC</createdTime>
<ownerDesignName>ProyekBD</ownerDesignName>
<engineerTo>
<item key="682A77AF-C166-FB25-DB7D-08DBC063889A" value="true"/>
</engineerTo>
<use>0</use>
<ownDataTypeParameters>,,</ownDataTypeParameters>
</Attribute>
<Attribute name="nama_kategori" id="EC90E688-63B7-1407-7269-50C7E1AD9EA7">
<createdBy>miche</createdBy>
<createdTime>2024-04-12 12:30:04 UTC</createdTime>
<ownerDesignName>ProyekBD</ownerDesignName>
<engineerTo>
<item key="682A77AF-C166-FB25-DB7D-08DBC063889A" value="true"/>
</engineerTo>
<use>0</use>
<ownDataTypeParameters>,,</ownDataTypeParameters>
</Attribute>
</attributes>
<identifiers itemClass="oracle.dbtools.crest.model.design.logical.CandidateKey">
<identifier id="0A932438-D85D-3364-F57B-7A6ECFA92144" name="KATEGORI PK">
<createdBy>miche</createdBy>
<createdTime>2024-04-12 12:30:12 UTC</createdTime>
<ownerDesignName>ProyekBD</ownerDesignName>
<engineerTo>
<item key="682A77AF-C166-FB25-DB7D-08DBC063889A" value="true"/>
</engineerTo>
<pk>true</pk>
<usedAttributes>
<attributeRef>4DB3F4FA-6770-F406-DC8E-620BC85303F5</attributeRef>
</usedAttributes>
</identifier>
</identifiers>
</Entity>