<?xml version = '1.0' encoding = 'UTF-8'?>
<Entity class="oracle.dbtools.crest.model.design.logical.Entity" directorySegmentName="seg_0" id="351E3AE0-E6BB-97BC-5A2D-238E83E7BD7C" name="DEPARTMENT">
<createdBy>miche</createdBy>
<createdTime>2024-04-12 10:58:13 UTC</createdTime>
<ownerDesignName>ProyekBD</ownerDesignName>
<engineerTo>
<item key="682A77AF-C166-FB25-DB7D-08DBC063889A" value="true"/>
</engineerTo>
<adequatelyNormalized>NO</adequatelyNormalized>
<expectedVolumes>0</expectedVolumes>
<fwdEngineeringStrategyName>Single Table</fwdEngineeringStrategyName>
<growthPercent>0</growthPercent>
<growthType>Year</growthType>
<maxVolumes>9999999</maxVolumes>
<minVolumes>0</minVolumes>
<normalForm>Third</normalForm>
<attributes itemClass="oracle.dbtools.crest.model.design.logical.Attribute">
<Attribute name="id_department" id="D4C44D4C-66DC-F890-3AB5-E2F02AE9B455">
<createdBy>miche</createdBy>
<createdTime>2024-04-12 13:29:33 UTC</createdTime>
<ownerDesignName>ProyekBD</ownerDesignName>
<engineerTo>
<item key="682A77AF-C166-FB25-DB7D-08DBC063889A" value="true"/>
</engineerTo>
<use>0</use>
<ownDataTypeParameters>,,</ownDataTypeParameters>
</Attribute>
<Attribute name="name_department" id="4D1BBDBA-63F7-3FD0-FE38-03455E50E17C">
<createdBy>miche</createdBy>
<createdTime>2024-04-12 13:30:14 UTC</createdTime>
<ownerDesignName>ProyekBD</ownerDesignName>
<engineerTo>
<item key="682A77AF-C166-FB25-DB7D-08DBC063889A" value="true"/>
</engineerTo>
<use>0</use>
<ownDataTypeParameters>,,</ownDataTypeParameters>
</Attribute>
</attributes>
<identifiers itemClass="oracle.dbtools.crest.model.design.logical.CandidateKey">
<identifier id="D27BD890-2465-1EA2-378F-652AA24F3D8D" name="DEPARTMENT PK">
<createdBy>miche</createdBy>
<createdTime>2024-04-12 13:30:12 UTC</createdTime>
<ownerDesignName>ProyekBD</ownerDesignName>
<engineerTo>
<item key="682A77AF-C166-FB25-DB7D-08DBC063889A" value="true"/>
</engineerTo>
<pk>true</pk>
<usedAttributes>
<attributeRef>D4C44D4C-66DC-F890-3AB5-E2F02AE9B455</attributeRef>
</usedAttributes>
</identifier>
</identifiers>
</Entity>