<?xml version = '1.0' encoding = 'UTF-8'?>
<Entity class="oracle.dbtools.crest.model.design.logical.Entity" directorySegmentName="seg_0" id="3CB7EC72-FF7C-9EAA-76F8-2436C9B8FDA0" name="TRANSAKSI">
<createdBy>miche</createdBy>
<createdTime>2024-04-12 11:45:24 UTC</createdTime>
<ownerDesignName>ProyekBD</ownerDesignName>
<engineerTo>
<item key="682A77AF-C166-FB25-DB7D-08DBC063889A" value="true"/>
</engineerTo>
<adequatelyNormalized>NO</adequatelyNormalized>
<expectedVolumes>0</expectedVolumes>
<fwdEngineeringStrategyName>Single Table</fwdEngineeringStrategyName>
<growthPercent>0</growthPercent>
<growthType>Year</growthType>
<maxVolumes>9999999</maxVolumes>
<minVolumes>0</minVolumes>
<normalForm>Third</normalForm>
<attributes itemClass="oracle.dbtools.crest.model.design.logical.Attribute">
<Attribute name="id_role" id="9409CC74-362E-835B-8ECF-BDE0C010B005">
<createdBy>miche</createdBy>
<createdTime>2024-04-12 12:19:31 UTC</createdTime>
<generatorID>B96A4FCC-F7CF-0540-AEFF-C82330098F0C</generatorID>
<ownerDesignName>ProyekBD</ownerDesignName>
<engineerTo>
<item key="682A77AF-C166-FB25-DB7D-08DBC063889A" value="true"/>
</engineerTo>
<referedAttribute>EC52DC2F-AC52-8B44-8DA5-0B213EC0E97F</referedAttribute>
<use>0</use>
<ownDataTypeParameters>,,</ownDataTypeParameters>
</Attribute>
<Attribute name="id_transaksi" id="15C0EE43-B95F-7258-876F-E3544DFA8B21">
<createdBy>miche</createdBy>
<createdTime>2024-04-12 12:19:42 UTC</createdTime>
<ownerDesignName>ProyekBD</ownerDesignName>
<engineerTo>
<item key="682A77AF-C166-FB25-DB7D-08DBC063889A" value="true"/>
</engineerTo>
<use>0</use>
<ownDataTypeParameters>,,</ownDataTypeParameters>
</Attribute>
<Attribute name="tanggal_transaksi" id="E78186AD-C5D0-8B84-702B-568A28D971C9">
<createdBy>miche</createdBy>
<createdTime>2024-04-12 12:19:51 UTC</createdTime>
<ownerDesignName>ProyekBD</ownerDesignName>
<engineerTo>
<item key="682A77AF-C166-FB25-DB7D-08DBC063889A" value="true"/>
</engineerTo>
<use>0</use>
<ownDataTypeParameters>,,</ownDataTypeParameters>
</Attribute>
<Attribute name="nama_seller" id="EA24AA45-4E45-8A9F-110D-BD1FF9DCB766">
<createdBy>miche</createdBy>
<createdTime>2024-04-12 12:20:29 UTC</createdTime>
<ownerDesignName>ProyekBD</ownerDesignName>
<engineerTo>
<item key="682A77AF-C166-FB25-DB7D-08DBC063889A" value="true"/>
</engineerTo>
<use>0</use>
<ownDataTypeParameters>,,</ownDataTypeParameters>
</Attribute>
<Attribute name="id_customer" id="F9EA8667-F4D2-5B6B-5E16-5E4557669823">
<createdBy>miche</createdBy>
<createdTime>2024-04-12 12:31:16 UTC</createdTime>
<generatorID>59B4AE3E-930D-27F2-45DC-3DF51B9A697A</generatorID>
<ownerDesignName>ProyekBD</ownerDesignName>
<engineerTo>
<item key="682A77AF-C166-FB25-DB7D-08DBC063889A" value="true"/>
</engineerTo>
<referedAttribute>D6B9EDF9-C1F0-ED93-1153-BECF23E89EE9</referedAttribute>
<use>0</use>
<ownDataTypeParameters>,,</ownDataTypeParameters>
</Attribute>
<Attribute name="profit_total" id="3E593B79-0515-12D2-E767-0CF16CFC55EE">
<createdBy>miche</createdBy>
<createdTime>2024-04-12 14:09:56 UTC</createdTime>
<ownerDesignName>ProyekBD</ownerDesignName>
<engineerTo>
<item key="682A77AF-C166-FB25-DB7D-08DBC063889A" value="true"/>
</engineerTo>
<use>0</use>
<ownDataTypeParameters>,,</ownDataTypeParameters>
</Attribute>
</attributes>
<identifiers itemClass="oracle.dbtools.crest.model.design.logical.CandidateKey">
<identifier id="D73D186C-00FF-5C76-8069-11A2551F1B91" name="TRANSAKSI PK">
<createdBy>miche</createdBy>
<createdTime>2024-04-12 12:19:22 UTC</createdTime>
<ownerDesignName>ProyekBD</ownerDesignName>
<engineerTo>
<item key="682A77AF-C166-FB25-DB7D-08DBC063889A" value="true"/>
</engineerTo>
<pk>true</pk>
<usedAttributes>
<attributeRef>9409CC74-362E-835B-8ECF-BDE0C010B005</attributeRef>
<attributeRef>15C0EE43-B95F-7258-876F-E3544DFA8B21</attributeRef>
</usedAttributes>
</identifier>
</identifiers>
</Entity>