<?xml version = '1.0' encoding = 'UTF-8'?>
<Entity class="oracle.dbtools.crest.model.design.logical.Entity" directorySegmentName="seg_0" id="62B6E5C5-9964-86E8-F2EE-669F9C4EF4A8" name="HISTORY-ROLE">
<createdBy>miche</createdBy>
<createdTime>2024-04-27 04:33:02 UTC</createdTime>
<ownerDesignName>ProyekBD</ownerDesignName>
<engineerTo>
<item key="682A77AF-C166-FB25-DB7D-08DBC063889A" value="true"/>
</engineerTo>
<adequatelyNormalized>NO</adequatelyNormalized>
<expectedVolumes>0</expectedVolumes>
<fwdEngineeringStrategyName>Single Table</fwdEngineeringStrategyName>
<growthPercent>0</growthPercent>
<growthType>Year</growthType>
<maxVolumes>9999999</maxVolumes>
<minVolumes>0</minVolumes>
<normalForm>Third</normalForm>
<attributes itemClass="oracle.dbtools.crest.model.design.logical.Attribute">
<Attribute name="date_start" id="A3768E2A-EF20-E3A9-E11F-AC4F4B64F1BF">
<createdBy>miche</createdBy>
<createdTime>2024-04-27 04:33:30 UTC</createdTime>
<ownerDesignName>ProyekBD</ownerDesignName>
<engineerTo>
<item key="682A77AF-C166-FB25-DB7D-08DBC063889A" value="true"/>
</engineerTo>
<use>0</use>
<ownDataTypeParameters>,,</ownDataTypeParameters>
</Attribute>
<Attribute name="date_end" id="96B41CAE-2819-85CB-4C7A-3C794526A433">
<createdBy>miche</createdBy>
<createdTime>2024-04-27 04:34:11 UTC</createdTime>
<ownerDesignName>ProyekBD</ownerDesignName>
<engineerTo>
<item key="682A77AF-C166-FB25-DB7D-08DBC063889A" value="true"/>
</engineerTo>
<nullsAllowed>true</nullsAllowed>
<use>0</use>
<ownDataTypeParameters>,,</ownDataTypeParameters>
</Attribute>
<Attribute name="id_role" id="97A0C4DD-68B1-591F-DF96-0771633C2009">
<createdBy>miche</createdBy>
<createdTime>2024-04-27 04:34:33 UTC</createdTime>
<generatorID>2944B57E-BD49-B0A7-FDF7-CFD0B3D855D0</generatorID>
<ownerDesignName>ProyekBD</ownerDesignName>
<engineerTo>
<item key="682A77AF-C166-FB25-DB7D-08DBC063889A" value="true"/>
</engineerTo>
<referedAttribute>EC52DC2F-AC52-8B44-8DA5-0B213EC0E97F</referedAttribute>
<use>0</use>
<ownDataTypeParameters>,,</ownDataTypeParameters>
</Attribute>
</attributes>
<identifiers itemClass="oracle.dbtools.crest.model.design.logical.CandidateKey">
<identifier id="57D1C97A-CA29-AD11-6F34-69BC729DA4E7" name="HISTORY-ROLE PK">
<createdBy>miche</createdBy>
<createdTime>2024-04-27 04:34:09 UTC</createdTime>
<ownerDesignName>ProyekBD</ownerDesignName>
<engineerTo>
<item key="682A77AF-C166-FB25-DB7D-08DBC063889A" value="true"/>
</engineerTo>
<pk>true</pk>
<usedAttributes>
<attributeRef>A3768E2A-EF20-E3A9-E11F-AC4F4B64F1BF</attributeRef>
</usedAttributes>
</identifier>
</identifiers>
</Entity>