<?xml version = '1.0' encoding = 'UTF-8'?>
<Entity class="oracle.dbtools.crest.model.design.logical.Entity" directorySegmentName="seg_0" id="7404F19E-3861-E343-7CCE-5A1DC17389E3" name="PEGAWAI">
<createdBy>miche</createdBy>
<createdTime>2024-04-12 10:51:17 UTC</createdTime>
<ownerDesignName>ProyekBD</ownerDesignName>
<engineerTo>
<item key="682A77AF-C166-FB25-DB7D-08DBC063889A" value="true"/>
</engineerTo>
<adequatelyNormalized>NO</adequatelyNormalized>
<expectedVolumes>0</expectedVolumes>
<fwdEngineeringStrategyName>Single Table</fwdEngineeringStrategyName>
<growthPercent>0</growthPercent>
<growthType>Year</growthType>
<maxVolumes>9999999</maxVolumes>
<minVolumes>0</minVolumes>
<normalForm>Third</normalForm>
<attributes itemClass="oracle.dbtools.crest.model.design.logical.Attribute">
<Attribute name="id_pegawai" id="76A7E04F-34EA-496A-6A24-8A755819EC1A">
<createdBy>miche</createdBy>
<createdTime>2024-04-12 12:13:59 UTC</createdTime>
<ownerDesignName>ProyekBD</ownerDesignName>
<engineerTo>
<item key="682A77AF-C166-FB25-DB7D-08DBC063889A" value="true"/>
</engineerTo>
<use>0</use>
<ownDataTypeParameters>,,</ownDataTypeParameters>
</Attribute>
<Attribute name="nama_pegawai" id="C9C518D9-4D32-804D-C2B2-15FF3852AD26">
<createdBy>miche</createdBy>
<createdTime>2024-04-12 12:14:19 UTC</createdTime>
<ownerDesignName>ProyekBD</ownerDesignName>
<engineerTo>
<item key="682A77AF-C166-FB25-DB7D-08DBC063889A" value="true"/>
</engineerTo>
<use>0</use>
<ownDataTypeParameters>,,</ownDataTypeParameters>
</Attribute>
<Attribute name="id_role" id="D878BC62-5647-6FC8-82C9-49E35DBA3CDA">
<createdBy>miche</createdBy>
<createdTime>2024-04-27 04:36:37 UTC</createdTime>
<generatorID>E0CB63CF-2CD7-E5F6-0875-28C0F6EF4798</generatorID>
<ownerDesignName>ProyekBD</ownerDesignName>
<engineerTo>
<item key="682A77AF-C166-FB25-DB7D-08DBC063889A" value="true"/>
</engineerTo>
<referedAttribute>EC52DC2F-AC52-8B44-8DA5-0B213EC0E97F</referedAttribute>
<use>0</use>
<ownDataTypeParameters>,,</ownDataTypeParameters>
</Attribute>
</attributes>
<identifiers itemClass="oracle.dbtools.crest.model.design.logical.CandidateKey">
<identifier id="C1982F2E-8366-549C-D10F-EC0101FB2A99" name="PEGAWAI PK">
<createdBy>miche</createdBy>
<createdTime>2024-04-12 12:14:07 UTC</createdTime>
<ownerDesignName>ProyekBD</ownerDesignName>
<engineerTo>
<item key="682A77AF-C166-FB25-DB7D-08DBC063889A" value="true"/>
</engineerTo>
<pk>true</pk>
<usedAttributes>
<attributeRef>76A7E04F-34EA-496A-6A24-8A755819EC1A</attributeRef>
</usedAttributes>
</identifier>
</identifiers>
</Entity>