<?xml version = '1.0' encoding = 'UTF-8'?>
<Entity class="oracle.dbtools.crest.model.design.logical.Entity" directorySegmentName="seg_0" id="7EE1E209-E539-D4CA-4C4B-D82255371AB1" name="ANGGOTA">
<createdBy>miche</createdBy>
<createdTime>2024-04-12 10:52:25 UTC</createdTime>
<ownerDesignName>ProyekBD</ownerDesignName>
<engineerTo>
<item key="682A77AF-C166-FB25-DB7D-08DBC063889A" value="true"/>
</engineerTo>
<adequatelyNormalized>NO</adequatelyNormalized>
<expectedVolumes>0</expectedVolumes>
<fwdEngineeringStrategyName>Single Table</fwdEngineeringStrategyName>
<growthPercent>0</growthPercent>
<growthType>Year</growthType>
<maxVolumes>9999999</maxVolumes>
<minVolumes>0</minVolumes>
<normalForm>Third</normalForm>
<attributes itemClass="oracle.dbtools.crest.model.design.logical.Attribute">
<Attribute name="id_anggota" id="F48038EE-5EC4-1F3C-EF4B-4D1A00E0920F">
<createdBy>miche</createdBy>
<createdTime>2024-04-12 12:15:01 UTC</createdTime>
<ownerDesignName>ProyekBD</ownerDesignName>
<engineerTo>
<item key="682A77AF-C166-FB25-DB7D-08DBC063889A" value="true"/>
</engineerTo>
<use>0</use>
<ownDataTypeParameters>,,</ownDataTypeParameters>
</Attribute>
<Attribute name="nama_anggota" id="806262E5-32C9-DA7F-C888-80F808DBA999">
<createdBy>miche</createdBy>
<createdTime>2024-04-12 12:15:06 UTC</createdTime>
<ownerDesignName>ProyekBD</ownerDesignName>
<engineerTo>
<item key="682A77AF-C166-FB25-DB7D-08DBC063889A" value="true"/>
</engineerTo>
<use>0</use>
<ownDataTypeParameters>,,</ownDataTypeParameters>
</Attribute>
<Attribute name="nrp" id="E250E554-5981-313F-E033-40BBCE71E845">
<createdBy>miche</createdBy>
<createdTime>2024-04-27 04:29:14 UTC</createdTime>
<generatorID>D39A24C6-4F16-2A2C-C11E-B7DFB7A61936</generatorID>
<ownerDesignName>ProyekBD</ownerDesignName>
<engineerTo>
<item key="682A77AF-C166-FB25-DB7D-08DBC063889A" value="true"/>
</engineerTo>
<referedAttribute>B40CBA93-4F60-7379-85E2-FCB1B25D65F0</referedAttribute>
<use>0</use>
<ownDataTypeParameters>,,</ownDataTypeParameters>
</Attribute>
<Attribute name="id_role" id="26D679F3-9CB0-3191-19A1-E38A25001F21">
<createdBy>miche</createdBy>
<createdTime>2024-04-27 04:31:10 UTC</createdTime>
<generatorID>4C9D292C-083E-10E9-348E-C833E189BAE1</generatorID>
<ownerDesignName>ProyekBD</ownerDesignName>
<engineerTo>
<item key="682A77AF-C166-FB25-DB7D-08DBC063889A" value="true"/>
</engineerTo>
<referedAttribute>EC52DC2F-AC52-8B44-8DA5-0B213EC0E97F</referedAttribute>
<use>0</use>
<ownDataTypeParameters>,,</ownDataTypeParameters>
</Attribute>
</attributes>
<identifiers itemClass="oracle.dbtools.crest.model.design.logical.CandidateKey">
<identifier id="8369BFE4-39B1-F1B8-79AC-84732F85925D" name="ANGGOTA PK">
<createdBy>miche</createdBy>
<createdTime>2024-04-12 12:15:12 UTC</createdTime>
<ownerDesignName>ProyekBD</ownerDesignName>
<engineerTo>
<item key="682A77AF-C166-FB25-DB7D-08DBC063889A" value="true"/>
</engineerTo>
<pk>true</pk>
<usedAttributes>
<attributeRef>F48038EE-5EC4-1F3C-EF4B-4D1A00E0920F</attributeRef>
</usedAttributes>
</identifier>
</identifiers>
</Entity>