<?xml version = '1.0' encoding = 'UTF-8'?>
<Entity class="oracle.dbtools.crest.model.design.logical.Entity" directorySegmentName="seg_0" id="973A6E1F-5796-5A30-F4E4-9E439A187A19" name="KARYAWAN">
<createdBy>miche</createdBy>
<createdTime>2024-04-12 12:50:21 UTC</createdTime>
<ownerDesignName>ProyekBD</ownerDesignName>
<engineerTo>
<item key="682A77AF-C166-FB25-DB7D-08DBC063889A" value="true"/>
</engineerTo>
<adequatelyNormalized>NO</adequatelyNormalized>
<expectedVolumes>0</expectedVolumes>
<fwdEngineeringStrategyName>Single Table</fwdEngineeringStrategyName>
<growthPercent>0</growthPercent>
<growthType>Year</growthType>
<maxVolumes>9999999</maxVolumes>
<minVolumes>0</minVolumes>
<normalForm>Third</normalForm>
<attributes itemClass="oracle.dbtools.crest.model.design.logical.Attribute">
<Attribute name="id_karyawan" id="9E6B5F9D-4950-A059-B008-8E34858DA601">
<createdBy>miche</createdBy>
<createdTime>2024-04-12 12:50:28 UTC</createdTime>
<ownerDesignName>ProyekBD</ownerDesignName>
<engineerTo>
<item key="682A77AF-C166-FB25-DB7D-08DBC063889A" value="true"/>
</engineerTo>
<use>0</use>
<ownDataTypeParameters>,,</ownDataTypeParameters>
</Attribute>
<Attribute name="nama_karyawan" id="240401A3-9B58-66E3-54EB-D5E1ACA0239C">
<createdBy>miche</createdBy>
<createdTime>2024-04-12 12:50:35 UTC</createdTime>
<ownerDesignName>ProyekBD</ownerDesignName>
<engineerTo>
<item key="682A77AF-C166-FB25-DB7D-08DBC063889A" value="true"/>
</engineerTo>
<use>0</use>
<ownDataTypeParameters>,,</ownDataTypeParameters>
</Attribute>
<Attribute name="id_pegawai" id="3AC67129-040C-E354-15EE-32ADD951DF06">
<createdBy>miche</createdBy>
<createdTime>2024-04-12 13:09:14 UTC</createdTime>
<generatorID>B33FF954-C8D0-65EA-CA52-E5878945CB7C</generatorID>
<ownerDesignName>ProyekBD</ownerDesignName>
<engineerTo>
<item key="682A77AF-C166-FB25-DB7D-08DBC063889A" value="true"/>
</engineerTo>
<referedAttribute>76A7E04F-34EA-496A-6A24-8A755819EC1A</referedAttribute>
<use>0</use>
<ownDataTypeParameters>,,</ownDataTypeParameters>
</Attribute>
</attributes>
<identifiers itemClass="oracle.dbtools.crest.model.design.logical.CandidateKey">
<identifier id="867D26F6-D890-6EF0-D193-9E55CEEDA857" name="KARYAWAN PK">
<createdBy>miche</createdBy>
<createdTime>2024-04-12 12:50:33 UTC</createdTime>
<ownerDesignName>ProyekBD</ownerDesignName>
<engineerTo>
<item key="682A77AF-C166-FB25-DB7D-08DBC063889A" value="true"/>
</engineerTo>
<pk>true</pk>
<usedAttributes>
<attributeRef>9E6B5F9D-4950-A059-B008-8E34858DA601</attributeRef>
</usedAttributes>
</identifier>
</identifiers>
</Entity>