<?xml version = '1.0' encoding = 'UTF-8'?>
<Entity class="oracle.dbtools.crest.model.design.logical.Entity" directorySegmentName="seg_0" id="A0D0EE43-F00F-A505-EDF8-D7BFBC153F89" name="DETAIL_TRANSAKSI">
<createdBy>miche</createdBy>
<createdTime>2024-04-12 11:58:21 UTC</createdTime>
<ownerDesignName>ProyekBD</ownerDesignName>
<engineerTo>
<item key="682A77AF-C166-FB25-DB7D-08DBC063889A" value="true"/>
</engineerTo>
<adequatelyNormalized>NO</adequatelyNormalized>
<expectedVolumes>0</expectedVolumes>
<fwdEngineeringStrategyName>Single Table</fwdEngineeringStrategyName>
<growthPercent>0</growthPercent>
<growthType>Year</growthType>
<maxVolumes>9999999</maxVolumes>
<minVolumes>0</minVolumes>
<normalForm>Third</normalForm>
<attributes itemClass="oracle.dbtools.crest.model.design.logical.Attribute">
<Attribute name="id_barang" id="69387801-2230-815F-FAFC-746E068C812A">
<createdBy>miche</createdBy>
<createdTime>2024-04-12 14:11:04 UTC</createdTime>
<ownerDesignName>ProyekBD</ownerDesignName>
<engineerTo>
<item key="682A77AF-C166-FB25-DB7D-08DBC063889A" value="true"/>
</engineerTo>
<use>0</use>
<ownDataTypeParameters>,,</ownDataTypeParameters>
</Attribute>
<Attribute name="nama_barang" id="FAA8FB95-B157-1443-9611-CC1831C4705A">
<createdBy>miche</createdBy>
<createdTime>2024-04-12 14:14:19 UTC</createdTime>
<ownerDesignName>ProyekBD</ownerDesignName>
<engineerTo>
<item key="682A77AF-C166-FB25-DB7D-08DBC063889A" value="true"/>
</engineerTo>
<use>0</use>
<ownDataTypeParameters>,,</ownDataTypeParameters>
</Attribute>
<Attribute name="kuantitas_barang" id="1084150E-4C6F-7209-529A-02F0D69E8863">
<createdBy>miche</createdBy>
<createdTime>2024-04-12 14:14:28 UTC</createdTime>
<ownerDesignName>ProyekBD</ownerDesignName>
<engineerTo>
<item key="682A77AF-C166-FB25-DB7D-08DBC063889A" value="true"/>
</engineerTo>
<use>0</use>
<ownDataTypeParameters>,,</ownDataTypeParameters>
</Attribute>
<Attribute name="harga_jual" id="19158B4F-10C3-BD38-3B1F-4CA02F9FF0C6">
<createdBy>miche</createdBy>
<createdTime>2024-04-12 14:14:53 UTC</createdTime>
<ownerDesignName>ProyekBD</ownerDesignName>
<engineerTo>
<item key="682A77AF-C166-FB25-DB7D-08DBC063889A" value="true"/>
</engineerTo>
<use>0</use>
<ownDataTypeParameters>,,</ownDataTypeParameters>
</Attribute>
<Attribute name="harga_pokok" id="D186EF13-E509-7AE7-DF74-46950A4BADC0">
<createdBy>miche</createdBy>
<createdTime>2024-04-12 14:15:15 UTC</createdTime>
<ownerDesignName>ProyekBD</ownerDesignName>
<engineerTo>
<item key="682A77AF-C166-FB25-DB7D-08DBC063889A" value="true"/>
</engineerTo>
<use>0</use>
<ownDataTypeParameters>,,</ownDataTypeParameters>
</Attribute>
<Attribute name="profit_barang" id="A434C530-1F95-F8F8-3962-B3B780320A99">
<createdBy>miche</createdBy>
<createdTime>2024-04-12 14:15:34 UTC</createdTime>
<ownerDesignName>ProyekBD</ownerDesignName>
<engineerTo>
<item key="682A77AF-C166-FB25-DB7D-08DBC063889A" value="true"/>
</engineerTo>
<use>0</use>
<ownDataTypeParameters>,,</ownDataTypeParameters>
</Attribute>
<Attribute name="id_role" id="A6196C93-2D9A-7DA6-6915-4B37732EE8EB">
<createdBy>miche</createdBy>
<createdTime>2024-05-29 02:28:59 UTC</createdTime>
<generatorID>03B75449-855F-005D-F269-CABF7FD08B09</generatorID>
<ownerDesignName>ProyekBD</ownerDesignName>
<engineerTo>
<item key="682A77AF-C166-FB25-DB7D-08DBC063889A" value="true"/>
</engineerTo>
<referedAttribute>9409CC74-362E-835B-8ECF-BDE0C010B005</referedAttribute>
<use>0</use>
<ownDataTypeParameters>,,</ownDataTypeParameters>
</Attribute>
<Attribute name="id_transaksi" id="9279E2C3-1331-1F3E-3F0A-91F310592A0A">
<createdBy>miche</createdBy>
<createdTime>2024-05-29 02:28:59 UTC</createdTime>
<generatorID>03B75449-855F-005D-F269-CABF7FD08B09</generatorID>
<ownerDesignName>ProyekBD</ownerDesignName>
<engineerTo>
<item key="682A77AF-C166-FB25-DB7D-08DBC063889A" value="true"/>
</engineerTo>
<referedAttribute>15C0EE43-B95F-7258-876F-E3544DFA8B21</referedAttribute>
<use>0</use>
<ownDataTypeParameters>,,</ownDataTypeParameters>
</Attribute>
</attributes>
<identifiers itemClass="oracle.dbtools.crest.model.design.logical.CandidateKey">
<identifier id="E582678E-C735-C3AE-0B77-7B07155B724B" name="DETAIL_TRANSAKSI PK">
<createdBy>miche</createdBy>
<createdTime>2024-04-12 14:14:17 UTC</createdTime>
<ownerDesignName>ProyekBD</ownerDesignName>
<engineerTo>
<item key="682A77AF-C166-FB25-DB7D-08DBC063889A" value="true"/>
</engineerTo>
<pk>true</pk>
<usedAttributes>
<attributeRef>69387801-2230-815F-FAFC-746E068C812A</attributeRef>
</usedAttributes>
</identifier>
</identifiers>
</Entity>