<?xml version = '1.0' encoding = 'UTF-8'?>
<Entity class="oracle.dbtools.crest.model.design.logical.Entity" directorySegmentName="seg_0" id="C107385B-0459-6EB8-4E6F-4CDF32889F67" name="BARANG">
<createdBy>miche</createdBy>
<createdTime>2024-04-12 11:45:19 UTC</createdTime>
<ownerDesignName>ProyekBD</ownerDesignName>
<engineerTo>
<item key="682A77AF-C166-FB25-DB7D-08DBC063889A" value="true"/>
</engineerTo>
<adequatelyNormalized>NO</adequatelyNormalized>
<expectedVolumes>0</expectedVolumes>
<fwdEngineeringStrategyName>Single Table</fwdEngineeringStrategyName>
<growthPercent>0</growthPercent>
<growthType>Year</growthType>
<maxVolumes>9999999</maxVolumes>
<minVolumes>0</minVolumes>
<normalForm>Third</normalForm>
<attributes itemClass="oracle.dbtools.crest.model.design.logical.Attribute">
<Attribute name="id_barang" id="DA2D501C-B394-1B5C-636B-18A9FCC1A98B">
<createdBy>miche</createdBy>
<createdTime>2024-04-12 12:28:42 UTC</createdTime>
<ownerDesignName>ProyekBD</ownerDesignName>
<engineerTo>
<item key="682A77AF-C166-FB25-DB7D-08DBC063889A" value="true"/>
</engineerTo>
<use>0</use>
<ownDataTypeParameters>,,</ownDataTypeParameters>
</Attribute>
<Attribute name="nama_barang" id="E2C65FFB-7349-E023-5B92-C33DF4319F07">
<createdBy>miche</createdBy>
<createdTime>2024-04-12 12:28:51 UTC</createdTime>
<ownerDesignName>ProyekBD</ownerDesignName>
<engineerTo>
<item key="682A77AF-C166-FB25-DB7D-08DBC063889A" value="true"/>
</engineerTo>
<use>0</use>
<ownDataTypeParameters>,,</ownDataTypeParameters>
</Attribute>
<Attribute name="harga_pokok" id="4D73F484-4EEB-C19A-D3D3-83B6EBA769BE">
<createdBy>miche</createdBy>
<createdTime>2024-04-12 12:29:01 UTC</createdTime>
<ownerDesignName>ProyekBD</ownerDesignName>
<engineerTo>
<item key="682A77AF-C166-FB25-DB7D-08DBC063889A" value="true"/>
</engineerTo>
<use>0</use>
<ownDataTypeParameters>,,</ownDataTypeParameters>
</Attribute>
<Attribute name="harga_jual" id="8639C03E-6BC2-FBBA-810E-D6136F7CCE2D">
<createdBy>miche</createdBy>
<createdTime>2024-04-12 12:29:27 UTC</createdTime>
<ownerDesignName>ProyekBD</ownerDesignName>
<engineerTo>
<item key="682A77AF-C166-FB25-DB7D-08DBC063889A" value="true"/>
</engineerTo>
<use>0</use>
<ownDataTypeParameters>,,</ownDataTypeParameters>
</Attribute>
<Attribute name="id_kategori" id="34DE1DF6-F0F6-8AFE-4900-95E6E489CA9D">
<createdBy>miche</createdBy>
<createdTime>2024-04-12 12:30:12 UTC</createdTime>
<generatorID>99CC5B0B-786C-2E0F-B10F-711AC80D32A6</generatorID>
<ownerDesignName>ProyekBD</ownerDesignName>
<engineerTo>
<item key="682A77AF-C166-FB25-DB7D-08DBC063889A" value="true"/>
</engineerTo>
<referedAttribute>4DB3F4FA-6770-F406-DC8E-620BC85303F5</referedAttribute>
<use>0</use>
<ownDataTypeParameters>,,</ownDataTypeParameters>
</Attribute>
<Attribute name="id_barang1" id="45DBDCFC-2762-244F-1595-73F1625CCA51">
<createdBy>miche</createdBy>
<createdTime>2024-04-12 14:15:52 UTC</createdTime>
<generatorID>EA4772CD-7A86-8E34-C3DD-B3985B5BB1CA</generatorID>
<ownerDesignName>ProyekBD</ownerDesignName>
<engineerTo>
<item key="682A77AF-C166-FB25-DB7D-08DBC063889A" value="true"/>
</engineerTo>
<referedAttribute>69387801-2230-815F-FAFC-746E068C812A</referedAttribute>
<use>0</use>
<ownDataTypeParameters>,,</ownDataTypeParameters>
</Attribute>
</attributes>
<identifiers itemClass="oracle.dbtools.crest.model.design.logical.CandidateKey">
<identifier id="30DC5E84-CCFF-8252-CA47-38C7BE15D07B" name="BARANG PK">
<createdBy>miche</createdBy>
<createdTime>2024-04-12 12:28:49 UTC</createdTime>
<ownerDesignName>ProyekBD</ownerDesignName>
<engineerTo>
<item key="682A77AF-C166-FB25-DB7D-08DBC063889A" value="true"/>
</engineerTo>
<pk>true</pk>
<usedAttributes>
<attributeRef>DA2D501C-B394-1B5C-636B-18A9FCC1A98B</attributeRef>
</usedAttributes>
</identifier>
</identifiers>
</Entity>