<?xml version = '1.0' encoding = 'UTF-8'?>
<Entity class="oracle.dbtools.crest.model.design.logical.Entity" directorySegmentName="seg_0" id="CF19A9BD-135A-A0CA-0B4D-6DFABCED4538" name="ROLE">
<createdBy>miche</createdBy>
<createdTime>2024-04-12 10:56:00 UTC</createdTime>
<ownerDesignName>ProyekBD</ownerDesignName>
<engineerTo>
<item key="682A77AF-C166-FB25-DB7D-08DBC063889A" value="true"/>
</engineerTo>
<adequatelyNormalized>NO</adequatelyNormalized>
<expectedVolumes>0</expectedVolumes>
<fwdEngineeringStrategyName>Single Table</fwdEngineeringStrategyName>
<growthPercent>0</growthPercent>
<growthType>Year</growthType>
<maxVolumes>9999999</maxVolumes>
<minVolumes>0</minVolumes>
<normalForm>Third</normalForm>
<attributes itemClass="oracle.dbtools.crest.model.design.logical.Attribute">
<Attribute name="id_role" id="EC52DC2F-AC52-8B44-8DA5-0B213EC0E97F">
<createdBy>miche</createdBy>
<createdTime>2024-04-12 12:19:18 UTC</createdTime>
<ownerDesignName>ProyekBD</ownerDesignName>
<engineerTo>
<item key="682A77AF-C166-FB25-DB7D-08DBC063889A" value="true"/>
</engineerTo>
<use>0</use>
<ownDataTypeParameters>,,</ownDataTypeParameters>
</Attribute>
<Attribute name="name_role" id="37418C31-B848-E21C-E133-28784B9A9131">
<createdBy>miche</createdBy>
<createdTime>2024-04-12 12:19:24 UTC</createdTime>
<ownerDesignName>ProyekBD</ownerDesignName>
<engineerTo>
<item key="682A77AF-C166-FB25-DB7D-08DBC063889A" value="true"/>
</engineerTo>
<use>0</use>
<ownDataTypeParameters>,,</ownDataTypeParameters>
</Attribute>
<Attribute name="id_department" id="D5EB735D-D817-4D56-ED2E-CCCC3D6526FB">
<createdBy>miche</createdBy>
<createdTime>2024-04-12 13:30:59 UTC</createdTime>
<generatorID>89BC6A17-394D-CD6F-53C9-DB951D6E7D3C</generatorID>
<ownerDesignName>ProyekBD</ownerDesignName>
<engineerTo>
<item key="682A77AF-C166-FB25-DB7D-08DBC063889A" value="true"/>
</engineerTo>
<referedAttribute>D4C44D4C-66DC-F890-3AB5-E2F02AE9B455</referedAttribute>
<use>0</use>
<ownDataTypeParameters>,,</ownDataTypeParameters>
</Attribute>
<Attribute name="date_start" id="E42CC0EF-1D43-2AD9-0DCB-72E7F68A2E3B">
<createdBy>miche</createdBy>
<createdTime>2024-04-27 04:34:24 UTC</createdTime>
<generatorID>2944B57E-BD49-B0A7-FDF7-CFD0B3D855D0</generatorID>
<ownerDesignName>ProyekBD</ownerDesignName>
<engineerTo>
<item key="682A77AF-C166-FB25-DB7D-08DBC063889A" value="true"/>
</engineerTo>
<referedAttribute>A3768E2A-EF20-E3A9-E11F-AC4F4B64F1BF</referedAttribute>
<use>0</use>
<ownDataTypeParameters>,,</ownDataTypeParameters>
</Attribute>
</attributes>
<identifiers itemClass="oracle.dbtools.crest.model.design.logical.CandidateKey">
<identifier id="B79DF07D-7D9F-ED1C-3037-A9818B707612" name="ROLE PK">
<createdBy>miche</createdBy>
<createdTime>2024-04-12 12:19:22 UTC</createdTime>
<ownerDesignName>ProyekBD</ownerDesignName>
<engineerTo>
<item key="682A77AF-C166-FB25-DB7D-08DBC063889A" value="true"/>
</engineerTo>
<pk>true</pk>
<usedAttributes>
<attributeRef>EC52DC2F-AC52-8B44-8DA5-0B213EC0E97F</attributeRef>
</usedAttributes>
</identifier>
</identifiers>
</Entity>