<?xml version = '1.0' encoding = 'UTF-8'?>
<Entity class="oracle.dbtools.crest.model.design.logical.Entity" directorySegmentName="seg_0" id="D52161EF-73BF-D55B-10EA-8207C77D48CC" name="CUSTOMER">
<createdBy>miche</createdBy>
<createdTime>2024-04-12 11:50:42 UTC</createdTime>
<ownerDesignName>ProyekBD</ownerDesignName>
<engineerTo>
<item key="682A77AF-C166-FB25-DB7D-08DBC063889A" value="true"/>
</engineerTo>
<adequatelyNormalized>NO</adequatelyNormalized>
<expectedVolumes>0</expectedVolumes>
<fwdEngineeringStrategyName>Single Table</fwdEngineeringStrategyName>
<growthPercent>0</growthPercent>
<growthType>Year</growthType>
<maxVolumes>9999999</maxVolumes>
<minVolumes>0</minVolumes>
<normalForm>Third</normalForm>
<attributes itemClass="oracle.dbtools.crest.model.design.logical.Attribute">
<Attribute name="id_customer" id="D6B9EDF9-C1F0-ED93-1153-BECF23E89EE9">
<createdBy>miche</createdBy>
<createdTime>2024-04-12 12:30:32 UTC</createdTime>
<ownerDesignName>ProyekBD</ownerDesignName>
<engineerTo>
<item key="682A77AF-C166-FB25-DB7D-08DBC063889A" value="true"/>
</engineerTo>
<use>0</use>
<ownDataTypeParameters>,,</ownDataTypeParameters>
</Attribute>
<Attribute name="name_customer" id="F043EE93-671E-D35B-CCDB-62392D1F6D32">
<createdBy>miche</createdBy>
<createdTime>2024-04-12 12:30:39 UTC</createdTime>
<ownerDesignName>ProyekBD</ownerDesignName>
<engineerTo>
<item key="682A77AF-C166-FB25-DB7D-08DBC063889A" value="true"/>
</engineerTo>
<use>0</use>
<ownDataTypeParameters>,,</ownDataTypeParameters>
</Attribute>
<Attribute name="address_customer" id="9EE58AA9-83D7-D33A-AA99-D4B4EB6D29CA">
<createdBy>miche</createdBy>
<createdTime>2024-04-12 12:30:50 UTC</createdTime>
<ownerDesignName>ProyekBD</ownerDesignName>
<engineerTo>
<item key="682A77AF-C166-FB25-DB7D-08DBC063889A" value="true"/>
</engineerTo>
<nullsAllowed>true</nullsAllowed>
<use>0</use>
<ownDataTypeParameters>,,</ownDataTypeParameters>
</Attribute>
<Attribute name="telphone_customer" id="D828D90C-0CD9-551B-D37F-023DCA368F93">
<createdBy>miche</createdBy>
<createdTime>2024-04-12 12:31:04 UTC</createdTime>
<ownerDesignName>ProyekBD</ownerDesignName>
<engineerTo>
<item key="682A77AF-C166-FB25-DB7D-08DBC063889A" value="true"/>
</engineerTo>
<nullsAllowed>true</nullsAllowed>
<use>0</use>
<ownDataTypeParameters>,,</ownDataTypeParameters>
</Attribute>
</attributes>
<identifiers itemClass="oracle.dbtools.crest.model.design.logical.CandidateKey">
<identifier id="E92DB2C3-0A65-94B6-3294-05380186790F" name="CUSTOMER PK">
<createdBy>miche</createdBy>
<createdTime>2024-04-12 12:30:38 UTC</createdTime>
<ownerDesignName>ProyekBD</ownerDesignName>
<engineerTo>
<item key="682A77AF-C166-FB25-DB7D-08DBC063889A" value="true"/>
</engineerTo>
<pk>true</pk>
<usedAttributes>
<attributeRef>D6B9EDF9-C1F0-ED93-1153-BECF23E89EE9</attributeRef>
</usedAttributes>
</identifier>
</identifiers>
</Entity>